TestID,TestName,Cycle,C00,C01,C02,C03,C10,C11,C12,C13,C20,C21,C22,C23,C30,C31,C32,C33
1,Identity Matrix Test,1,0,0,0,0,0,0,0,0,0,0,0,0,0,0,0,0
1,Identity Matrix Test,2,0,0,0,0,0,0,0,0,0,0,0,0,0,0,0,0
1,Identity Matrix Test,3,0,0,0,0,0,0,0,0,0,0,0,0,0,0,0,0
1,Identity Matrix Test,4,0,0,0,0,0,0,0,0,0,0,0,0,0,0,0,0
1,Identity Matrix Test,5,0,0,0,0,0,0,0,0,0,0,0,0,0,0,0,0
1,Identity Matrix Test,6,0,0,0,0,0,0,0,0,0,0,0,0,0,0,0,0
1,Identity Matrix Test,7,0,0,0,0,0,0,0,0,0,0,0,0,0,0,0,0
1,Identity Matrix Test,8,0,0,0,0,0,0,0,0,0,0,0,0,0,0,0,0
1,Identity Matrix Test,9,1,0,0,0,0,0,0,0,0,0,0,0,0,0,0,0
1,Identity Matrix Test,10,1,2,0,0,5,0,0,0,0,0,0,0,0,0,0,0
1,Identity Matrix Test,11,1,2,3,0,5,6,0,0,9,0,0,0,0,0,0,0
1,Identity Matrix Test,12,1,2,3,4,5,6,7,0,9,10,0,0,13,0,0,0
1,Identity Matrix Test,13,1,2,3,4,5,6,7,8,9,10,11,0,13,14,0,0
1,Identity Matrix Test,14,1,2,3,4,5,6,7,8,9,10,11,12,13,14,15,0
1,Identity Matrix Test,15,1,2,3,4,5,6,7,8,9,10,11,12,13,14,15,16
1,Identity Matrix Test,16,1,2,3,4,5,6,7,8,9,10,11,12,13,14,15,16
1,Identity Matrix Test,17,1,2,3,4,5,6,7,8,9,10,11,12,13,14,15,16
1,Identity Matrix Test,18,1,2,3,4,5,6,7,8,9,10,11,12,13,14,15,16
1,Identity Matrix Test,19,1,2,3,4,5,6,7,8,9,10,11,12,13,14,15,16
1,Identity Matrix Test,20,1,2,3,4,5,6,7,8,9,10,11,12,13,14,15,16
2,Signed Math Test,1,0,0,0,0,0,0,0,0,0,0,0,0,0,0,0,0
2,Signed Math Test,2,0,0,0,0,0,0,0,0,0,0,0,0,0,0,0,0
2,Signed Math Test,3,0,0,0,0,0,0,0,0,0,0,0,0,0,0,0,0
2,Signed Math Test,4,0,0,0,0,0,0,0,0,0,0,0,0,0,0,0,0
2,Signed Math Test,5,0,0,0,0,0,0,0,0,0,0,0,0,0,0,0,0
2,Signed Math Test,6,0,0,0,0,0,0,0,0,0,0,0,0,0,0,0,0
2,Signed Math Test,7,0,0,0,0,0,0,0,0,0,0,0,0,0,0,0,0
2,Signed Math Test,8,0,0,0,0,0,0,0,0,0,0,0,0,0,0,0,0
2,Signed Math Test,9,40,0,0,0,0,0,0,0,0,0,0,0,0,0,0,0
2,Signed Math Test,10,40,120,0,0,8,0,0,0,0,0,0,0,0,0,0,0
2,Signed Math Test,11,40,120,200,0,8,24,0,0,-24,0,0,0,0,0,0,0
2,Signed Math Test,12,40,120,200,280,8,24,40,0,-24,-72,0,0,-56,0,0,0
2,Signed Math Test,13,40,120,200,280,8,24,40,56,-24,-72,-120,0,-56,-168,0,0
2,Signed Math Test,14,40,120,200,280,8,24,40,56,-24,-72,-120,-168,-56,-168,-280,0
2,Signed Math Test,15,40,120,200,280,8,24,40,56,-24,-72,-120,-168,-56,-168,-280,-392
2,Signed Math Test,16,40,120,200,280,8,24,40,56,-24,-72,-120,-168,-56,-168,-280,-392
2,Signed Math Test,17,40,120,200,280,8,24,40,56,-24,-72,-120,-168,-56,-168,-280,-392
2,Signed Math Test,18,40,120,200,280,8,24,40,56,-24,-72,-120,-168,-56,-168,-280,-392
2,Signed Math Test,19,40,120,200,280,8,24,40,56,-24,-72,-120,-168,-56,-168,-280,-392
2,Signed Math Test,20,40,120,200,280,8,24,40,56,-24,-72,-120,-168,-56,-168,-280,-392
3,Randomized 32-Bit Stress Test,1,0,0,0,0,0,0,0,0,0,0,0,0,0,0,0,0
3,Randomized 32-Bit Stress Test,2,0,0,0,0,0,0,0,0,0,0,0,0,0,0,0,0
3,Randomized 32-Bit Stress Test,3,0,0,0,0,0,0,0,0,0,0,0,0,0,0,0,0
3,Randomized 32-Bit Stress Test,4,0,0,0,0,0,0,0,0,0,0,0,0,0,0,0,0
3,Randomized 32-Bit Stress Test,5,0,0,0,0,0,0,0,0,0,0,0,0,0,0,0,0
3,Randomized 32-Bit Stress Test,6,0,0,0,0,0,0,0,0,0,0,0,0,0,0,0,0
3,Randomized 32-Bit Stress Test,7,0,0,0,0,0,0,0,0,0,0,0,0,0,0,0,0
3,Randomized 32-Bit Stress Test,8,0,0,0,0,0,0,0,0,0,0,0,0,0,0,0,0
3,Randomized 32-Bit Stress Test,9,-7049796112737548,0,0,0,0,0,0,0,0,0,0,0,0,0,0,0
3,Randomized 32-Bit Stress Test,10,-7049796112737548,-861198146363040339,0,0,-2366418947022767490,0,0,0,0,0,0,0,0,0,0,0
3,Randomized 32-Bit Stress Test,11,-7049796112737548,-861198146363040339,-260728098722571812,0,-2366418947022767490,-2969352426897394559,0,0,1178452316116509716,0,0,0,0,0,0,0
3,Randomized 32-Bit Stress Test,12,-7049796112737548,-861198146363040339,-260728098722571812,230907193273558246,-2366418947022767490,-2969352426897394559,871742045770066101,0,1178452316116509716,2763243308293916360,0,0,2217993852139658405,0,0,0
3,Randomized 32-Bit Stress Test,13,-7049796112737548,-861198146363040339,-260728098722571812,230907193273558246,-2366418947022767490,-2969352426897394559,871742045770066101,-1139923185635380538,1178452316116509716,2763243308293916360,-3357267560377347003,0,2217993852139658405,3418426553854771366,0,0
3,Randomized 32-Bit Stress Test,14,-7049796112737548,-861198146363040339,-260728098722571812,230907193273558246,-2366418947022767490,-2969352426897394559,871742045770066101,-1139923185635380538,1178452316116509716,2763243308293916360,-3357267560377347003,1047952931871387368,2217993852139658405,3418426553854771366,243271096672878410,0
3,Randomized 32-Bit Stress Test,15,-7049796112737548,-861198146363040339,-260728098722571812,230907193273558246,-2366418947022767490,-2969352426897394559,871742045770066101,-1139923185635380538,1178452316116509716,2763243308293916360,-3357267560377347003,1047952931871387368,2217993852139658405,3418426553854771366,243271096672878410,633342928422109324
3,Randomized 32-Bit Stress Test,16,-7049796112737548,-861198146363040339,-260728098722571812,230907193273558246,-2366418947022767490,-2969352426897394559,871742045770066101,-1139923185635380538,1178452316116509716,2763243308293916360,-3357267560377347003,1047952931871387368,2217993852139658405,3418426553854771366,243271096672878410,633342928422109324
3,Randomized 32-Bit Stress Test,17,-7049796112737548,-861198146363040339,-260728098722571812,230907193273558246,-2366418947022767490,-2969352426897394559,871742045770066101,-1139923185635380538,1178452316116509716,2763243308293916360,-3357267560377347003,1047952931871387368,2217993852139658405,3418426553854771366,243271096672878410,633342928422109324
3,Randomized 32-Bit Stress Test,18,-7049796112737548,-861198146363040339,-260728098722571812,230907193273558246,-2366418947022767490,-2969352426897394559,871742045770066101,-1139923185635380538,1178452316116509716,2763243308293916360,-3357267560377347003,1047952931871387368,2217993852139658405,3418426553854771366,243271096672878410,633342928422109324
3,Randomized 32-Bit Stress Test,19,-7049796112737548,-861198146363040339,-260728098722571812,230907193273558246,-2366418947022767490,-2969352426897394559,871742045770066101,-1139923185635380538,1178452316116509716,2763243308293916360,-3357267560377347003,1047952931871387368,2217993852139658405,3418426553854771366,243271096672878410,633342928422109324
3,Randomized 32-Bit Stress Test,20,-7049796112737548,-861198146363040339,-260728098722571812,230907193273558246,-2366418947022767490,-2969352426897394559,871742045770066101,-1139923185635380538,1178452316116509716,2763243308293916360,-3357267560377347003,1047952931871387368,2217993852139658405,3418426553854771366,243271096672878410,633342928422109324
